Picture_id	Picture_orig_name	Event	Event-hypon	Entity	Entity-hypon	Out-In	Locat
1	1355703632_5683a4b6fb.jpg	game	baseball	person	athlete,child	outside	stadium
2	2101128963_fdf8b2a0d7.jpg	game	baseball	person	athlete,man	outside	stadium
3	241345522_c3c266a02a.jpg	game	football	person	athlete,man	outside	stadium
4	241347460_81d5d62bf6.jpg	game	football	person	athlete,man	outside	stadium
5	2521938802_853224f378.jpg	game	cricket	person	athlete,man	outside	stadium
6	2681215810_00b0642f7b.jpg	game	football	person	man	outside	field
7	2698614194_b4e6e11dff.jpg	game	football	person	athlete,man	outside	stadium
8	273248777_eaf0288ab3.jpg	game	football	person	athlete,man	outside	stadium
9	2939371251_f923569a72.jpg	game	football	person	athlete,man	outside	stadium
10	2944952557_8484f0da8f.jpg	game	baseball	person	athlete,woman	outside	stadium
11	2971211296_2587c3924d.jpg	game	football	person	athlete	outside	stadium
12	3262075846_5695021d84.jpg	game	rugby	person	athlete,man	outside	stadium
13	3484832904_08619300d9.jpg	game	baseball	person	athlete,woman	outside	stadium
14	3513362553_5fc5779e20.jpg	game	baseball	person	athlete	outside	stadium
15	3539840291_1c3eed701d.jpg	game	rugby	person	athlete,man	outside	stadium
16	3587941206_36769c3f1d.jpg	game	baseball	person	athlete,child	outside	stadium
17	3691800116_6a7b315e46.jpg	game	cricket	person	athlete,man	outside	stadium
18	3744832122_2f4febdff6.jpg	game	baseball	person	athlete,man	outside	stadium
19	535249787_0fcaa613a0.jpg	game	baseball	person	athlete,child	outside	stadium
20	1144288288_e5c9558b6a.jpg	run	_	person	athlete	outside	street
21	1449370354_380c4123c9.jpg	run	_	person	child	outside	field
22	1481062342_d9e34366c4.jpg	run	_	person	child	inside	apartment
23	1956678973_223cb1b847.jpg	run	_	person	child	outside	field
24	2092177624_13ab757e8b.jpg	run	_	person	child	outside	field
25	2201192417_d934730fea.jpg	run	_	person	child	outside	field
26	2364774105_fbaf0c191f.jpg	run	_	person	child	outside	track,field
27	2571096893_694ce79768.jpg	run	_	person	child	outside	field
28	2776029171_5abdd5a22f.jpg	run	_	person	child	outside	field
29	2951092164_4940b9a517.jpg	run	_	person	child	outside	field
30	2969380952_9f1eb7f93b.jpg	run	_	person	athlete,man	outside	field
31	3111208043_dbe8e87fa1.jpg	run	_	person	athlete,man	outside	track
32	3263141261_db3a4798b5.jpg	run	_	person	child,woman	outside	field
33	3569329986_1f468729b2.jpg	run	_	person	child	outside	field
34	3623331945_df0f51d7dd.jpg	run	_	person	 child	outside	beach
35	3690189273_927d42ff43.jpg	run	_	person	 athlete,woman	outside	track,street
36	775664534_3f6de7d413.jpg	run	_	person	child	outside	field
37	956164675_9ee084364e.jpg	run	_	person	athlete,man	outside	street
38	2213113526_beeb4f9bdc.jpg	skate	_	person,vehicle	child,woman,skateboard	outside	beach
39	2887103049_a867e74358.jpg	skate,jump	_	person,vehicle	man,woman,skateboard	outside	stairs
40	2893238950_8a027be110.jpg	skate	_	person,vehicle	man,woman,skateboard	outside	street
41	2893476169_f38dd32051.jpg	skate,jump	_	person,vehicle	man,skateboard	outside	park
42	2920969723_83918fe909.jpg	skate	_	person,vehicle	man,skateboard	outside	street
43	2922512807_d382528a93.jpg	skate,jump	_	person,vehicle	man,skateboard	outside	stairs
44	3027397797_4f1d305ced.jpg	skate	_	person,vehicle	man,skateboard	outside	street
45	3038941104_17ee91fc03.jpg	skate,jump	_	person,vehicle	man,skateboard	outside	street
46	3055716848_b253324afc.jpg	skate,jump	_	person,vehicle	man,skateboard	outside	park
47	3096918227_f9d26a7db2.jpg	skate,jump	_	person,vehicle	man,skateboard	outside	_
48	3124964754_2e8a98fb09.jpg	skate	_	person,vehicle	man,skateboard	outside	_
49	3215238223_29de2b35cb.jpg	skate	_	person,vehicle	man,skateboard	outside	street
50	3277824093_299cbb3138.jpg	skate	_	person,vehicle	man,skateboard	inside	_
51	3502897880_8392d0e4de.jpg	skate,jump	_	person,vehicle	man,skateboard	outside	park
52	3537452619_3bd79f24e0.jpg	skate	_	person,vehicle	man,skateboard	outside	park
53	3578372039_57473f473c.jpg	skate	_	person,vehicle	man,skateboard	outside	track
54	3638908276_b1751d30ff.jpg	skate,jump	_	person,vehicle	woman,skateboard	outside	park
55	3691670743_0ed111bcf3.jpg	skate	_	person,vehicle	child,skateboard	outside	track
56	485357535_b45ba5b6da.jpg	skate,walk	_	person,vehicle	man,woman,skateboard	outside	track
57	525887861_4cc7a1beca.jpg	skate	_	person,vehicle	child,skateboard	inside	_
58	1248734482_3038218f3b.jpg	lie	_	person	child	outside	field
59	1269470943_ba7fc49b4d.jpg	lie	_	person	child	outside	field
60	1428681303_04213524e3.jpg	climb	_	person	child	outside	_
61	146098876_0d99d7fb98.jpg	walk	_	person	child	outside	track
62	2052702658_da1204f6d1.jpg	play	_	person	child	outside	_
63	2085078076_b9db242d21.jpg	stand	_	person	child	outside	shore
64	2105756457_a100d8434e.jpg	play	_	person	child	outside	_
65	2137071442_1c9658c81a.jpg	play	_	person	child	inside	apartment
66	222759342_98294380fc.jpg	stand	_	person	child	inside	_
67	2161799386_27aa938421.jpg	sit	_	person	child	inside	apartment
68	2204695848_3d1b140212.jpg	play,stand	_	person	child	inside	_
69	224369028_b1ac40d1fa.jpg	stand	_	person	child	outside	park
70	2301867590_98c0ecb0cb.jpg	lie,play	_	person	child	outside	field
71	237953705_cfe6999307.jpg	play	_	person	child	outside	field
72	241031670_e60f59b8e4.jpg	stand	_	person	child	outside	field
73	2441354291_b32e00e5a6.jpg	walk,run	_	person	child	outside	street
74	2467856402_0490413d38.jpg	play	_	person	child	outside	_
75	2565618804_8d7ed87389.jpg	play	_	person	child	outside	park
76	2570365455_41cc9a7d2b.jpg	stand	_	person	child	outside	_
77	2638981862_6b23833f37.jpg	play	_	person	child	inside	_
78	2659606300_bea3feaf8b.jpg	walk,climb	_	person	child	outside	stairs
79	2666205903_8d287669e1.jpg	play	_	person	child	outside	_
80	2674784195_704f6b79d0.jpg	lie,play	_	person	child	outside	_
81	2735792721_b8fe85e803.jpg	play	_	person	child	outside	field
82	2833431496_09d999db4d.jpg	watch	_	person	child	outside	_
83	297285273_688e44c014.jpg	climb	_	person	child	outside	shore
84	3067885047_f69d90c35b.jpg	play	_	person	child	outside	field
85	3155657768_b83a7831e5.jpg	play	_	person	child	outside	field
86	3159569570_dff24e7be9.jpg	stand	_	person	child	outside	_
87	3226796100_08c49cfa5c.jpg	play	_	person	child	outside	field
88	3295391572_cbfde03a10.jpg	play	_	person	child	outside	_
89	3327487011_1372c425fb.jpg	sit	_	person	child	inside	_
90	3362805914_72f60ee8cb.jpg	play	_	person	child	outside	field
91	3410902181_b2a3c6eec9.jpg	stand	_	person	child	inside	_
92	3421104520_6a71185b3c.jpg	play	_	person	child	inside	playground
93	3428038648_993a453f9e.jpg	watch	_	person	child	outside	field
94	3447155358_5b5b59b15e.jpg	play,stand	_	person	child	outside	_
95	3496983524_b21ecdb0c7.jpg	watch	_	person	child	outside	_
96	350443876_c9769f5734.jpg	climb	_	person	child	inside	apartment
97	3565021218_d2bc1aa644.jpg	lie	_	person	child	inside	_
98	3653484549_f316590b0f.jpg	watch	_	person	child	outside	_
99	3675742996_02ccef16a3.jpg	play,stand	_	person	child	outside	field
100	3707738261_777075e885.jpg	play	_	person	child	outside	_
101	371522748_dc557bcd6c.jpg	stand	_	person	child	outside	field
102	388386075_9ac3a89ada.jpg	play	_	person	child	inside	_
103	414568315_5adcfc23c0.jpg	play	_	person	child	inside	_
104	498794783_cc2ac62b47.jpg	play	_	person	child	outside	field
105	509241560_00e5b20562.jpg	play	_	person	child	outside	_
106	720208977_f44c2bba5b.jpg	play	_	person	child	outside	playground
107	732468337_a37075225e.jpg	play	_	person	child	inside	_
108	1107471216_4336c9b328.jpg	photograph	_	person	child	outside	_
109	1213336750_2269b51397.jpg	photograph,stand	_	person	man	outside	street
110	1449692616_60507875fb.jpg	photograph	_	person	child	outside,inside	_
111	1881494074_1bebd93089.jpg	photograph	_	person	child,man,woman	outside,inside	_
112	2086513494_dbbcb583e7.jpg	photograph	_	person	woman	outside	_
113	2097420505_439f63c863.jpg	photograph,sit	_	person	man	outside	mountain
114	2102360862_264452db8e.jpg	photograph,stand	_	person	man	outside	beach
115	2102732029_9ae520914d.jpg	photograph,watch	_	person	child	outside,inside	_
116	2109370875_05241bdda7.jpg	photograph	_	person	woman	outside	_
117	2205336881_d9ee4179d3.jpg	photograph	_	person	child	inside	apartment
118	2224450291_4c133fabe8.jpg	photograph	_	person	man	outside	_
119	2268596214_ca532f5c63.jpg	photograph	_	person	man	outside,inside	_
120	2346401538_f5e8da66fc.jpg	photograph	_	person	woman	outside	_
121	2393264648_a280744f97.jpg	photograph	_	person	child,woman	outside	beach
122	2601008162_f00eeb5c14.jpg	photograph	_	person	child	outside,inside	_
123	3624676866_8f6d0efcc9.jpg	photograph,stand	_	person	man,woman	outside	street
124	3648988742_888a16f600.jpg	photograph	_	person	child	outside	_
125	444803340_fdcaab86f9.jpg	stand	_	person	man,woman	outside	park
126	451081733_40218cec31.jpg	photograph	_	person	man	outside	beach
127	708945669_08e7ffb9a7.jpg	photograph	_	person	man	outside	field
128	2223382277_9efa58ec45.jpg	game	ice hockey	person	athlete,child	outside	ice rink
129	2872963574_52ab5182cb.jpg	game	ice hockey	person	athlete,man	inside	ice rink
130	2959941749_fa99097463.jpg	game	ice hockey	person	athlete,man	inside	ice rink
131	2992808092_5f677085b7.jpg	game	field hockey	person	athlete,man	outside	field
132	3021318991_fa28e3bca7.jpg	game	field hockey	person	athlete,woman	outside	stadium
133	3138504165_c7ae396294.jpg	game	ice hockey	person	athlete	inside	ice rink
134	3234115903_f4dfc8fc75.jpg	run	_	person	athlete,woman	inside	court
135	3301811927_a2797339e5.jpg	game	ice hockey	person	athlete,man	inside	ice rink
136	3636055584_65a60426f8.jpg	game	field hockey	person	athlete,man	outside	ice rink
137	3710971182_cb01c97d15.jpg	game	field hockey	person	athlete,man	outside	ice rink
138	136644343_0e2b423829.jpg	swing	_	person	child	outside	playground,park
139	1491192153_7c395991e5.jpg	swing	_	person	child	outside	field
140	1561658940_a947f2446a.jpg	swing	_	person	child,man	outside	playground,field
141	1794818900_e0ffdd268e.jpg	swing	_	person	child	outside	playground
142	2303356248_65dd6aba6f.jpg	swing	_	person	child	outside	playground
143	2374247382_023a86b9ca.jpg	swing	_	person	child	inside	_
144	2977246776_b14be8290d.jpg	swing	_	person	child,woman	outside	playground
145	3036641436_d6594fc45f.jpg	swing	_	person	child	outside	playground,field
146	3399284917_721aefe2a7.jpg	swing	_	person	child,woman	outside	playground,field
147	3404978479_8a81843e17.jpg	swing	_	person	child	outside	playground
148	3453259666_9ecaa8bb4b.jpg	swing	_	person	child	outside	playground,field
149	3476709230_6439305bf2.jpg	swing	_	person	child	outside	playground,field
150	3515451715_ac5ac04efa.jpg	swing	_	person	child,woman	outside	playground,park
151	3584406900_039f30b34c.jpg	swing	_	person	child,man	outside	playground
152	3647826834_dc63e21bd0.jpg	swing	_	person	child,woman	outside	playground
153	3724759125_2dc0e1f4a3.jpg	swing	_	person	child	outside	playground
154	503794526_603a7954d3.jpg	swing	_	person	child	outside	field,park
155	510510783_b2cf5d57bb.jpg	swing	_	person	child	outside	field
156	556568556_bc5124dc8e.jpg	swing	_	person	child	outside	playground,field
157	597543181_6a85ef4c17.jpg	swing	_	person	child	outside	_
158	1499554025_a8ffe0e479.jpg	stand	_	person,animal	woman,hoofed mammal	inside	_
159	166507476_9be5b9852a.jpg	play	_	animal	reptile	outside	shore
160	2094543127_46d2f1fedf.jpg	sit	_	person,animal	woman,reptile	outside	_
161	225699652_53f6fb33cd.jpg	jump	_	animal	aquatic mammal	outside	pool
162	2265096094_8cc34d669c.jpg	stand	_	person,animal	man,hoofed mammal	outside	street
163	2369840118_a1c4240ab7.jpg	stand	_	person,animal	child,hoofed mammal	inside	_
164	2500567791_101d5ddee3.jpg	run	_	animal	hoofed mammal,dog	outside	_
165	2502079538_10ef2e976b.jpg	walk	_	person,animal	woman,child,hoofed mammal	outside	street
166	252578659_9e404b6430.jpg	stand	_	animal	hoofed mammal,dog	outside	field
167	2631300484_be8621d17b.jpg	stand	_	person,animal	child,reptile	outside	_
168	2659554389_ed3d15093f.jpg	consume	_	person,animal	child,hoofed mammal	outside	_
169	2831578193_3c997ae330.jpg	consume	_	animal	reptile	outside	_
170	2875658507_c0d9ceae90.jpg	jump,play	_	animal	mammal	outside	_
171	294709836_87126898fb.jpg	sit,stand	_	animal	mammal	outside	_
172	2973269132_252bfd0160.jpg	run	_	animal	hoofed mammal,cat	outside	field
173	3030294889_78b2ccbe51.jpg	jump	_	animal	aquatic mammal	outside	pool
174	3103587323_7f093d5b90.jpg	sit	_	person,animal	child,reptile	outside	_
175	3123770450_cedc16d162.jpg	walk	_	animal	hoofed mammal,bird	outside	_
176	3162442331_c9711857c6.jpg	walk	_	animal	mammal	outside	street
177	3163273640_8d3ef22eaf.jpg	ride	_	person,animal	man,mammal	outside	street
178	3241892328_4ebf8b21ce.jpg	jump	_	animal	cat	outside	field
179	3249597269_935e0a375a.jpg	jump	_	animal	mammal	outside	field
180	3273091032_98f724b36b.jpg	sit	_	animal	mammal	outside	field
181	3274879561_74997bbfff.jpg	jump	_	animal	hoofed mammal	outside	street
182	3314900697_c5c5ae9af6.jpg	ride	_	person,animal	man,hoofed mammal	outside	_
183	3328535573_33c3cd5b59.jpg	sit,stand	_	person,animal	man,hoofed mammal	outside	beach
184	3337461409_e4e317853d.jpg	walk	_	animal	hoofed mammal	outside	field
185	3349309109_4024a09a17.jpg	ride	_	person,animal	child,hoofed mammal	outside	mountain
186	3352531708_a65dd694b1.jpg	ride	_	person,animal	child,hoofed mammal	outside	beach
187	3354075558_3b67eaa502.jpg	sit	_	animal	cat	outside,inside	_
188	3358682439_be4b83544c.jpg	stand	_	person,animal	woman,mammal	outside	field
189	3405759441_fb31c80240.jpg	ride	_	person,animal	man,hoofed mammal	outside,inside	_
190	3415646718_f9f4e23a66.jpg	ride	_	person,animal	man,hoofed mammal	outside,inside	_
191	3437654963_c4fdc17e8b.jpg	sit,stand	_	animal	mammal	outside	_
192	3442844140_15aa45e9b8.jpg	swim,watch	_	person,animal	child,aquatic mammal	inside	pool
193	3443351431_7b4061df5c.jpg	fly	_	animal	insect	outside,inside	_
194	3482314155_bd1e668b4e.jpg	run	_	person,animal	man,hoofed mammal	outside,inside	_
195	3487419819_e3f89444ce.jpg	swing	_	animal	aquatic mammal	outside	water
196	3490867290_13bcd3a7f0.jpg	sit	_	person,animal	woman,hoofed mammal	outside,inside	_
197	3498482871_4e02f31c35.jpg	walk	_	person,animal	man,hoofed mammal	outside	_
198	3539817989_5353062a39.jpg	sit	_	person,animal	man,cat	outside	_
199	463786229_b54c9a3436.jpg	sit	_	animal	insect	outside	_
200	468310111_d9396abcbd.jpg	stand	_	animal	hoofed mammal,dog	outside	field
201	50030244_02cd4de372.jpg	lie	_	animal	cat	outside	_
202	56489627_e1de43de34.jpg	walk	_	person,animal	man,hoofed mammal	outside	mountain
203	1141718391_24164bf1b1.jpg	walk	_	person	man,woman	outside	park
204	1271210445_7f7ecf3791.jpg	sit,watch	_	person	child,woman	inside	_
205	1303548017_47de590273.jpg	stand	_	person	woman	outside	track
206	1321949151_77b77b4617.jpg	lie,sit,stand	_	person	child,woman,man	inside	_
207	132489044_3be606baf7.jpg	lie	_	person	man	inside	_
208	1351764581_4d4fb1b40f.jpg	stand	_	person,vehicle	man,car	outside	_
209	1386251841_5f384a0fea.jpg	watch	_	person	woman	outside,inside	_
210	1397295388_8a5b6b525d.jpg	stand,sit	_	person	child,woman,man	inside	_
211	141755290_4b954529f3.jpg	stand	_	person	woman	outside,inside	_
212	1482960952_95f2d419cb.jpg	walk	_	person	woman	outside	_
213	1536774449_e16b1b6382.jpg	stand	_	person	man,woman	outside	field
214	1807169176_7f5226bf5a.jpg	sit	_	person	man,woman	outside	_
215	1837976956_3c45d0f9b8.jpg	sing,stand	_	person	woman	inside	_
216	1962729184_6996e128e7.jpg	stand	_	person	child,woman	outside	street
217	197142902_f05ff198c2.jpg	play	_	person	man,woman	outside,inside	_
218	2045109977_b00ec93491.jpg	stand	_	person	man	inside	_
219	2055646179_169807fed4.jpg	stand,sit	_	person	child,woman,man	outside	field
220	2074146683_7c83167aa1.jpg	stand,carry	_	person	child,woman	outside,inside	_
221	2078311270_f01c9eaf4c.jpg	walk	_	person	woman	outside	track
222	2088120475_d6318364f5.jpg	stand	_	person,artifact	man,woman	outside	_
223	2089426086_7acc98a3a8.jpg	stand	_	person	woman	outside,inside	_
224	2126950128_74a4882658.jpg	smoke,stand	_	person	woman	outside,inside	_
225	2225864432_48a24f49a4.jpg	smoke,stand	_	person	woman	outside,inside	_
226	2250870111_8402d2319d.jpg	smoke,stand	_	person	man	outside	track,street
227	2261550615_b6c25d987b.jpg	walk	_	person	man	inside	_
228	2288530008_4ebcee2174.jpg	stand	_	person	man	outside	_
229	2318502106_33f2e4b4fc.jpg	play	_	person	man	outside	beach
230	2328616978_fb21be2b87.jpg	stand,sit	_	person	man,woman	outside	track,park
231	2343879696_59a82f496f.jpg	play	_	person	child,woman	outside	_
232	2490863987_715383944a.jpg	stand	_	person	man	outside	track
233	2501942587_e59b91d1da.jpg	walk	_	person	child,woman,man	outside	track
234	254901702_67ada9867c.jpg	play	_	person	man	outside	_
235	256444892_efcb3bd824.jpg	walk	_	person	man,woman	outside	street
236	262439544_e71cd26b24.jpg	climb	_	person	man,woman	outside	field
237	264859622_f3a00ab409.jpg	walk	_	person	man	outside	field
238	2685139184_4ff45e0f76.jpg	sit,lie	_	person	man,woman	outside	track
239	269361490_a22ae818bf.jpg	walk	_	person	man,woman	outside	street
240	2707873672_15e6b5d54b.jpg	play	_	person	child,man	outside	field,park
241	272988646_1588bde6a8.jpg	stand	_	person	child,woman,man	outside	street
242	2861100960_457ceda7fa.jpg	smoke,stand	_	person	man	outside,inside	_
243	2922981282_203f04bf9b.jpg	lie	_	person	man,woman	inside	_
244	2930622766_fa8f84deb1.jpg	stand	_	person	man,woman	outside	_
245	295729735_8360f2e64c.jpg	sit	_	person	child,woman	inside	_
246	2985679744_75a7102aab.jpg	sit	_	person	man	inside	_
247	300594071_3450444752.jpg	sit	_	person	woman	outside	_
248	3042380610_c5ea61eef8.jpg	stand,watch	_	person	man,woman	inside	_
249	3044746136_8b89da5f40.jpg	sit,stand	_	person	man,woman	inside	_
250	3066338314_2c3fb731d1.jpg	sit	_	person	man	inside	_
251	3098714492_19939e3b19.jpg	stand	_	person	man,woman	outside	_
252	3098824948_23c31df031.jpg	walk	_	person	man,woman	outside,inside	_
253	3105315670_5f86f73753.jpg	walk	_	person	man,woman	outside	track
254	314685044_da4390728e.jpg	stand	_	person	woman	outside	street
255	3157744152_31ace8c9ed.jpg	walk	_	person	man	outside	court
256	318070878_92ead85868.jpg	stand,carry	_	person	woman	outside	beach
257	3197891333_b1b0fd1702.jpg	sit,stand	_	person	child,woman,man	inside	apartment
258	319851847_7212423309.jpg	stand	_	person	man	outside	_
259	322050103_145f7233c6.jpg	walk	_	person	man	outside	street
260	3243588540_b418ac7eda.jpg	sit	_	person	child,woman	inside	_
261	3266399073_40820596d5.jpg	sit	_	person	man,woman	inside	_
262	3296226598_1c892c4351.jpg	walk	_	person	man	outside	track
263	3343311201_eeb1a39def.jpg	stand	_	person	woman	outside	field
264	3344233740_c010378da7.jpg	stand	_	person	man	outside	track
265	3356284586_21c6f155a5.jpg	stand	_	person	woman	outside,inside	_
266	3367053761_8ec5834bf3.jpg	sit	_	person	man,woman	inside	_
267	3386893620_5f0bb4e794.jpg	stand	_	person	woman	outside,inside	_
268	3393343330_b13df4d8ec.jpg	sit	_	person	man	inside	_
269	3420469425_2980b4cd30.jpg	stand,carry	_	person	child,woman,man	inside	_
270	343662720_39e4067cd1.jpg	lie	_	person	man	inside	_
271	3457045393_2bbbb4e941.jpg	stand,carry	_	person	child,woman	outside	_
272	3457364788_3514a52091.jpg	stand,carry	_	person	child,man	outside,inside	_
273	3458379941_657182bb09.jpg	walk,carry	_	person	child,man	outside	street
274	3458625738_297857369c.jpg	sit	_	person	man	inside	_
275	3461677493_5bfb73038e.jpg	sit,stand	_	person	man	inside	_
276	3609645320_815c294b65.jpg	sit	_	person	man,woman	outside	stairs
277	3639704469_fe83e1c9b7.jpg	stand,watch	_	person	man,woman	outside	_
278	3646970605_d25c25340b.jpg	sit	_	person	man,woman	outside	field
279	3652764505_87139e71f8.jpg	smoke,stand	_	person,vehicle	man,car	outside	_
280	3673032164_6c6843de87.jpg	play	_	person	woman	inside	apartment
281	367673290_f8799f3a85.jpg	walk	_	person	woman	outside	track
282	3694555931_7807db2fb4.jpg	play	_	person	woman	outside,inside	pool
283	3697378565_7060d9281a.jpg	stand	_	person	man,woman	outside,inside	_
284	3712574653_e009f76d19.jpg	sit	_	person	man,woman	inside	_
285	3715469645_6d1dc019b3.jpg	stand,watch	_	person	woman	outside,inside	_
286	381052465_722e00807b.jpg	smoke,stand	_	person,vehicle	man,car	outside	_
287	385835044_4aa11f6990.jpg	walk	_	person	woman	outside	track
288	405961988_fcfe97f31e.jpg	stand	_	person	man	outside	_
289	444872454_9f51e07f88.jpg	walk	_	person	man,woman	outside	_
290	462080147_ca088e6541.jpg	stand,carry	_	person	man,woman	inside	_
291	469259974_bb03c15c42.jpg	watch	_	person	man	inside	_
292	554526471_a31f8b74ef.jpg	stand	_	person	child,woman	outside	beach,water
293	798343627_7492fe0c12.jpg	play	_	person	woman	inside	_
294	842961005_692737888e.jpg	walk	_	person	woman	outside	track
295	86412576_c53392ef80.jpg	walk,carry	_	person	man	outside	field
296	963730324_0638534227.jpg	walk	_	person	child,man	inside	_
297	1153704539_542f7aa3a5.jpg	play	_	person,instrument	woman,wind	outside	field
298	1346051107_9cdc14e070.jpg	play	_	person,instrument	man,wind	outside	track
299	1459250022_bf1eddad11.jpg	play	_	person,instrument	man,woman,string	inside	_
300	2056930414_d2b0f1395a.jpg	play,sing	_	person,instrument	child,guitar	inside	_
301	2095478050_736c4d2d28.jpg	play,watch	_	person,instrument	child,man,guitar	outside	_
302	2196316998_3b2d63f01f.jpg	play	_	person,instrument	man,wind	outside	_
303	2201222219_8d656b0633.jpg	play	_	person,instrument	child,guitar	inside	_
304	2206403470_8c25aa3cf8.jpg	play,watch	_	person,instrument	child,man,string	outside	park
305	2245348304_08bc5642f1.jpg	play	_	person,instrument	man,guitar	outside	_
306	2312984882_bec7849e09.jpg	play	_	person,instrument	man,wind,percussion instrument	inside	_
307	2355763034_9fb61a8165.jpg	play	_	person,instrument	woman,wind	outside	_
308	2363100645_c3423a0433.jpg	play	_	person,instrument	child,guitar	inside	_
309	2650485780_29d89268d7.jpg	play	_	person,instrument	child,percussion instrument	inside	_
310	2662537919_18a29fca8a.jpg	play	_	person,instrument	man,guitar	outside,inside	_
311	2798651021_2566f2a47e.jpg	play	_	person,instrument	man,wind	outside	track,park
312	2836325261_a3bf5c59be.jpg	play	_	person,instrument	woman,wind	outside	_
313	2853811730_fbb8ab0878.jpg	play	_	person,instrument	man,guitar	inside	_
314	2974587819_742fb7c338.jpg	play	_	person,instrument	man,wind	outside	_
315	300148649_72f7f0399c.jpg	play	_	person,instrument	man,wind	outside	track
316	300222673_573fd4044b.jpg	play	_	person,animal,instrument	man,cat,guitar	inside	_
317	3019986034_7453777274.jpg	play	_	person,instrument	woman,string	outside	_
318	3099694681_19a72c8bdc.jpg	play	_	person,instrument	man,woman,string,guitar	inside	_
319	3134644844_493eec6cdc.jpg	play	_	person,instrument	child,man,guitar	inside	_
320	3183195185_cd0ff994a1.jpg	play	_	person,instrument	child,man,wind	outside	track
321	3197981073_3156963446.jpg	play,sing	_	person,instrument	woman,guitar	outside,inside	_
322	3208553539_2bf6c6d162.jpg	play	_	person,instrument	man,woman,guitar	outside	track
323	3230132205_dccfafa5ee.jpg	play	_	person,instrument	man,woman,guitar	inside	_
324	3247500085_c4f641aa84.jpg	play	_	person,instrument	man,wind	inside	_
325	3269087421_1d489abeae.jpg	play,sing	_	person,instrument	man,string	inside	_
326	3293018193_e4e0c8db7c.jpg	play	_	person,instrument	man,guitar,percussion instrument	outside	track
327	3297272270_285b8878b2.jpg	play,sing	_	person,instrument	man,guitar,percussion instrument	inside	_
328	3315353266_70f0bbb1c3.jpg	play	_	person,instrument	man,guitar	outside,inside	_
329	3326588088_172d1b2584.jpg	play	_	person,instrument	man,guitar	inside	_
330	3332202255_a30c522664.jpg	play,sing	_	person,instrument	man,guitar	inside	_
331	3416013671_98b5c75046.jpg	play	_	person,instrument	man,wind	outside	_
332	3437034427_6df5e9fbf9.jpg	play	_	person,instrument	child,guitar,wind	inside	_
333	3520199925_ca18d0f41e.jpg	play	_	person,instrument	woman,string	inside	_
334	3546720729_38fff1bbd9.jpg	play	_	person,instrument	man,guitar,string	inside	_
335	3590739067_58baffb3a7.jpg	play	_	person,instrument	woman,guitar	outside	_
336	3619232550_0b1e1fd4e4.jpg	play	_	person,instrument	man,guitar,wind	inside	_
337	3639845565_be547c38ba.jpg	play,watch	_	person,instrument	man,guitar	outside	shore
338	3694991841_141804da1f.jpg	play	_	person,instrument	man,woman,percussion instrument	outside	_
339	3708748633_e7e3cf4e84.jpg	play	_	person,instrument	man,wind	outside	_
340	3723690961_729dd5d617.jpg	play	_	person,instrument	man,guitar	inside	_
341	3724623861_2bb6c23641.jpg	play	_	person,instrument	woman,string	outside	_
342	3737492755_bcfb800ed1.jpg	play	_	person,instrument	man,woman,percussion instrument	outside	_
343	480607352_65614ab348.jpg	play	_	person,instrument	man,guitar	outside	stairs
344	518144037_9a1754b2a6.jpg	play	_	person,instrument	child,string	outside	_
345	757046028_ff5999f91b.jpg	play	_	person,instrument	child,man,percussion instrument	outside	track
346	1034276567_49bb87c51c.jpg	consume	_	person,food	child	outside	_
347	1389323170_d1c81d6b51.jpg	sit,consume	_	person,food	woman	outside	_
348	141755292_7a0b3364cf.jpg	stand,carry	_	person,food	man,woman	inside	_
349	1428641354_f7453afbea.jpg	stand	_	person,food	child,woman	inside	apartment
350	1430154945_71bbaa094a.jpg	consume	_	person,food	child,woman	inside	_
351	1472653060_7427d2865a.jpg	stand	_	person,food	man	inside	_
352	1977827746_4e13d7e19f.jpg	consume	_	person,food	child	outside	_
353	2123932281_1a4fd38455.jpg	consume	_	person,food	child	outside	_
354	2206600240_f65df56a09.jpg	sit	_	person,food	man,woman	inside	_
355	289599470_cc665e2dfb.jpg	consume	_	person,food	child	outside,inside	_
356	312427606_defa0dfaa8.jpg	consume	_	person,food	child	outside,inside	_
357	3172384527_b107385a20.jpg	sit	_	person,food	child,woman,man	inside	_
358	3416339125_0860d3d1eb.jpg	consume	_	person,food	man	outside,inside	_
359	3429351964_531de1bf16.jpg	stand	_	person,food	woman	outside	_
360	3487820317_3728e7569e.jpg	consume	_	person,food	man	outside	_
361	3549614763_42f34f3d1e.jpg	sit,stand	_	person,food	man,woman	outside,inside	_
362	3627076769_3b71e73018.jpg	sit,consume	_	person,food	woman	outside,inside	_
363	3687062281_e62f70baf3.jpg	sit	_	person,food	man,woman	outside,inside	_
364	3713882697_6dd30c7505.jpg	consume	_	person,food	woman	outside,inside	_
365	382151094_c7376cf22b.jpg	consume	_	person,food	child	outside	_
366	389643437_9a9830a3ba.jpg	consume	_	person,food	child	outside	_
367	423066487_07757b2b49.jpg	consume	_	person,food	man	inside	_
368	460973814_5eacd1ced4.jpg	sit	_	person,food	man,woman	inside	apartment
369	1028205764_7e8df9a2ea.jpg	ride	_	person,vehicle	child,man,kayak	outside	water
370	1473080948_bae2925dc8.jpg	ride	_	person,vehicle	athlete,kayak	outside	water
371	2086532897_b8714f2237.jpg	ride	_	person,vehicle	athlete,kayak	outside	water
372	2641770481_c98465ff35.jpg	stand	_	person,vehicle	man,kayak	outside	_
373	2906802485_dfebf09173.jpg	ride	_	person,vehicle	athlete,kayak	outside	water
374	3562816250_6e14d436b1.jpg	ride	_	person,animal,vehicle	woman,dog,kayak	outside	water
375	3594566537_55bd712fdb.jpg	ride	_	person,vehicle	man,kayak	outside	water
376	368393384_86defdcde8.jpg	ride	_	person,vehicle	athlete,kayak	outside	water
377	482088914_e6ea4501e9.jpg	ride	_	person,vehicle	athlete,kayak	outside	water
378	493542985_c85ad29ebe.jpg	ride	_	person,vehicle	woman,kayak	outside	water
379	1149179852_acad4d7300.jpg	walk	_	person,animal	man,horse	outside	street
380	124195430_d14028660f.jpg	stand,sit	_	animal	horse	outside	_
381	1580671272_3e99d94305.jpg	stand	_	person,animal	man,horse	outside	_
382	2298946012_22de913532.jpg	ride	_	person,animal	man,woman,horse	outside	shore
383	2619267133_53a5904ef4.jpg	ride	_	person,animal	child,horse	outside	_
384	2848977044_446a31d86e.jpg	ride	_	person,animal	man,woman,horse	outside	_
385	2998185688_8d33e4ce38.jpg	ride	_	person,animal	man,horse	outside	_
386	3088399255_1bd9a6aa04.jpg	ride	_	person,animal	athlete,horse	outside	track
387	3211581957_df2f7e2236.jpg	ride,jump	_	person,animal	athlete,horse	inside	_
388	3289817083_4e78e1c05a.jpg	stand	_	person,animal	child,man,horse	outside	_
389	3375534917_62350bd06b.jpg	ride	_	person,animal	man,woman,horse	outside	beach
390	3427233064_6af01bfc5c.jpg	watch	_	person,animal	child,horse	outside	_
391	3507076266_8b17993fbb.jpg	walk	_	person,animal	man,horse	outside	_
392	3511890331_6163612bb9.jpg	ride	_	person,animal	man,horse	outside	track
393	3516935867_78cf63c69c.jpg	ride,jump	_	person,animal	athlete,horse	outside	track
394	3568505408_4e30def669.jpg	ride	_	person,animal	man,horse	outside	_
395	3591458156_f1a9a33918.jpg	ride,jump	_	person,animal	man,horse	outside	_
396	3638178504_be1ff246bd.jpg	stand,watch	_	person,animal	child,horse	outside	_
397	3681056426_fbd6c0c92c.jpg	ride	_	person,animal	athlete,horse	outside	track
398	405331006_4e94e07698.jpg	ride	_	person,animal	man,woman,horse	outside	track
399	2247192427_5e106f24a9.jpg	game	basketball	person	athlete,child	inside	court
400	2271755053_e1b1ec8442.jpg	game	basketball	person	athlete,child	inside	court
401	2529205842_bdcb49d65b.jpg	game	basketball	person	athlete,man	inside	court
402	2926595608_69b22be8d4.jpg	game	basketball	person	athlete,man	inside	court
403	2993167183_2bda95fa3d.jpg	game	basketball	person	athlete,man	inside	court
404	3147217787_ed21cd4990.jpg	game	basketball	person	athlete,man	inside	court
405	3303797949_339bb969ba.jpg	game	basketball	person	child	inside	court
406	3403263046_3cc701a07a.jpg	game	basketball	person	athlete,woman	inside	court
407	3439382048_d2e23b2b4c.jpg	game	basketball	person	athlete,man	inside	court
408	3584561689_b6eb24dd70.jpg	game	basketball	person	man	inside	court
409	107318069_e9f2ef32de.jpg	sit	_	person,vehicle	man,woman,aircraft	outside	field
410	2057305043_952b8dc82c.jpg	fly,jump	_	person,artifact	man,woman,equipment	outside	shore
411	2057306459_2f52ce648e.jpg	stand	_	person,artifact	man,woman,equipment	outside	field
412	3057497487_57ecc60ff1.jpg	sit	_	person,vehicle	child,aircraft	inside	_
413	3402081035_a54cfab1d9.jpg	fly,jump	_	person,artifact	man,woman,equipment	outside	mountain
414	3413806271_17b7e102aa.jpg	fly,jump	_	person,artifact	man,woman,equipment	outside	_
415	3467510271_0f57e52768.jpg	fly,jump	_	person,vehicle	man,woman,aircraft	outside	water
416	3522025527_c10e6ebd26.jpg	fly	_	vehicle	aircraft	outside	_
417	3535304540_0247e8cf8c.jpg	fly	_	vehicle	aircraft	outside	_
418	3584603849_6cfd9af7dd.jpg	fly	_	vehicle	aircraft	outside	_
419	3659769138_d907fd9647.jpg	fly	_	vehicle	aircraft	outside	_
420	3692593096_fbaea67476.jpg	fly	_	vehicle	aircraft	outside	mountain
421	3726019124_f302b3d48a.jpg	fly	_	artifact	equipment	outside	field
422	203114209_e4cd71a6b7.jpg	ride	_	person,vehicle	woman,boat	outside	water
423	211295363_49010ca38d.jpg	swim	_	vehicle	boat	outside	water
424	2125216241_5b265a2fbc.jpg	ride	_	person,vehicle	man,boat	outside	water
425	2149982207_5345633bbf.jpg	ride	_	person,vehicle	child,boat	outside	water
426	217838128_1f0a84ddc1.jpg	ride	_	person,vehicle	man,boat	outside	water
427	2238759450_6475641bdb.jpg	walk	_	person,vehicle	man,woman,boat	outside	water
428	2292406847_f366350600.jpg	ride	_	person,vehicle	man,boat	outside	water
429	2480668859_6f9b46be6a.jpg	ride	_	person,vehicle	man,boat	outside	water
430	2744330402_824240184c.jpg	ride	_	person,vehicle	man,boat	outside	water
431	309430053_cc58bcc36a.jpg	swim	_	person,vehicle	man,boat	outside	water
432	3101378069_f8caa14c0a.jpg	ride	_	person,vehicle	woman,boat	outside	water
433	326585030_e1dcca2562.jpg	ride	_	person,vehicle	man,boat	outside	water
434	3479423813_517e93a43a.jpg	ride	_	person,vehicle	man,boat	outside	water
435	3539767254_c598b8e6c7.jpg	ride	_	person,vehicle	man,boat	outside	water
436	3549011001_26cace3646.jpg	ride	_	person,vehicle	man,boat	outside	water
437	3560977956_e08d2cd531.jpg	ride	_	person,vehicle	man,woman,boat	outside	water
438	3576312396_799c873f3e.jpg	ride	_	person,vehicle	man,woman,boat	outside	water
439	3606093421_eddd46c2c7.jpg	ride	_	person,vehicle	man,boat	outside	water
440	482882307_7dcb9eee11.jpg	ride,jump	_	person,vehicle	man,boat	outside	water
441	795081510_53fd17d101.jpg	swim,watch	_	person,vehicle	man,woman,boat	outside	water
442	1350811702_2ce7cfd0c5.jpg	fish	_	person	child	outside	shore
443	1419286010_b59af3962a.jpg	fish	_	person	man	outside	water
444	1499495021_d295ce577c.jpg	fish,stand	_	person	man,woman	outside	beach
445	1984936420_3f3102132b.jpg	fish,watch	_	person	child	outside	shore
446	2076865206_53918c820c.jpg	fish	_	person	man	outside	shore
447	2268115375_69884e958d.jpg	walk,carry	_	person	man,bird	outside	field
448	2360194369_d2fd03b337.jpg	fish	_	person	child	outside	shore
449	245442617_407eba1e98.jpg	stand,carry	_	person,animal	woman,fish	outside	water
450	245895500_a4eb97af02.jpg	fish	_	person	man	outside	water
451	2752331711_cb18abba5a.jpg	fish	_	person	man	outside	shore
452	3198247669_7493af04a7.jpg	fish	_	person	child	outside	water
453	3477683327_d9e6a2a64f.jpg	fish	_	person	man	outside	water
454	3717531382_e1e05e22c5.jpg	fish	_	person	man	outside	water
455	382701159_f98c1988cd.jpg	fish	_	person	man	outside	water
456	488590040_35a3e96c89.jpg	stand	_	person	man	outside	beach
457	506412121_67ecc7ec05.jpg	fish	_	person	man	outside	water
458	523249012_a0a25f487e.jpg	fish,sit	_	person	man	outside	shore
459	525863257_053333e612.jpg	fish	_	person	man	outside	shore
460	566384456_97da3c7bd6.jpg	stand,carry	_	person,animal	child,man,fish	outside	_
461	933118213_b35b0b62a7.jpg	fish	_	person	child	outside	_
462	1321723162_9d4c78b8af.jpg	skate	_	person,artifact	child,woman,skate	inside	ice rink
463	2204777844_1bcf26bf84.jpg	skate	_	person,artifact	child,skate	outside,inside	ice rink
464	2288099178_41091aa00c.jpg	skate	_	person,artifact	child,skate	outside	ice rink
465	269650644_059a84ece5.jpg	skate	_	person,artifact	man,woman,skate	outside	ice rink
466	3017656907_c3b137e070.jpg	skate	_	person,artifact	athlete,skate	inside	ice rink
467	3125041578_c1f2d73b6d.jpg	skate	_	person,artifact	athlete,skate	inside	ice rink
468	3205214191_29b42b9b09.jpg	skate	_	person,artifact	woman,skate	outside	ice rink
469	3206058778_7053ee6b52.jpg	sit,stand	_	person,artifact	woman,skate	outside	ice rink
470	3207343907_995f7ac1d2.jpg	skate	_	person,artifact	man,woman,skate	outside	ice rink
471	94232465_a135df2711.jpg	skate	_	person,artifact	woman,skate	outside	_
472	166433861_70b66cd381.jpg	ride	_	person,vehicle	athlete,motorcycle	outside	street
473	2719102611_fef453bf30.jpg	ride	_	person,vehicle	athlete,motorcycle	outside	street
474	285586547_c81f8905a1.jpg	ride	_	person,animal,vehicle	man,dog,motorcycle	outside	street
475	2866254827_9a8f592017.jpg	ride	_	person,vehicle	athlete,motorcycle	outside	street
476	2911928620_06c3fa293e.jpg	ride	_	person,vehicle	athlete,motorcycle	outside	street
477	3034585889_388d6ffcc0.jpg	ride,stand	_	person,vehicle	man,athlete,motorcycle	outside	street
478	3043685748_130db75e3b.jpg	ride	_	person,vehicle	athlete,motorcycle	outside	track
479	3104400277_1524e4f758.jpg	ride,watch	_	person,vehicle	athlete,motorcycle	outside	track
480	3228517564_74b00a923b.jpg	ride	_	person,vehicle	child,motorcycle	outside	_
481	3240014971_ee2ea8406f.jpg	stand	_	person,vehicle	man,motorcycle	outside	street
482	3373243733_9aba7740ed.jpg	ride,jump	_	person,vehicle	athlete,motorcycle	outside	_
483	3431487300_0123195f9b.jpg	ride	_	person,vehicle	man,woman,motorcycle	outside	street
484	3493479159_609ebe1b35.jpg	ride	_	person,vehicle	athlete,motorcycle	outside	_
485	3500829879_a643818d84.jpg	ride	_	person,vehicle	athlete,motorcycle	outside	_
486	3527261343_efa07ea596.jpg	ride	_	person,vehicle	athlete,motorcycle	outside	_
487	3529721084_4b405baf54.jpg	stand	_	person,vehicle	man,dog,motorcycle	outside	street
488	3534952095_975cca0056.jpg	ride	_	person,vehicle	woman,motorcycle	outside	street
489	3620492762_7f6a9b4746.jpg	ride	_	person,vehicle	athlete,motorcycle	outside	street
490	479807465_cf42f39d00.jpg	ride	_	person,vehicle	athlete,motorcycle	outside	track
491	95734035_84732a92c1.jpg	ride,stand	_	person,vehicle	man,motorcycle	outside	street
492	101669240_b2d3e7f17b.jpg	run	_	person,artifact	man,ski	outside	park
493	1472053993_bed67a3ba7.jpg	go	_	person,artifact	man,ski	outside	mountain
494	2187904131_96ea83b9b5.jpg	run	_	person,artifact	man,woman,ski	outside	track,mountain
495	2271667421_7b21fc23b8.jpg	run	_	person,artifact	man,woman,ski	outside	track
496	2272491304_cb7c7ed16f.jpg	run	_	person,artifact	man,woman,ski	outside	track,mountain
497	2273799395_5072a5736d.jpg	run	_	person,artifact	man,woman,ski	outside	track
498	2285570521_05015cbf4b.jpg	run	_	person,artifact	man,ski	outside	track,mountain
499	2431120202_b24fe2333a.jpg	run	_	person,artifact	child,ski	outside	track
500	2637510448_4521cf6f29.jpg	go	_	person,artifact	child,ski	outside	mountain
501	3012513414_86180c44cb.jpg	go,jump	_	person,artifact	athlete,ski	outside	mountain
502	3165123595_8db9f918bf.jpg	go	_	person,artifact	man,woman,ski	outside	mountain
503	3166578139_33500f7e8a.jpg	go	_	person,artifact	man,woman,ski	outside	mountain
504	3209523192_05a4cef844.jpg	go	_	person,artifact	athlete,ski	outside	_
505	3211453055_05cbfe37cd.jpg	sit	_	person,artifact	child,ski	outside	_
506	3223302125_f8154417f4.jpg	jump	_	person,artifact	athlete,ski	outside	_
507	3225998968_ef786d86e0.jpg	go	_	person,artifact	man,woman,ski	outside	mountain
508	3319405494_58dee86b21.jpg	go,jump	_	person,artifact	child,ski	outside	mountain
509	3344798356_5cc41f7939.jpg	stand	_	person,artifact	child,ski	outside	_
510	3371266735_43150bce52.jpg	run	_	person,artifact	athlete,ski	outside	_
511	3698607223_22fe09763a.jpg	go	_	person,artifact	man,ski	outside	mountain
512	1055753357_4fa3d8d693.jpg	sit	_	person	man	outside	_
513	1124448967_2221af8dc5.jpg	lie	_	person	man	outside	_
514	1160034462_16b38174fe.jpg	sit	_	person	man	outside	park
515	1262077938_8b9516c273.jpg	sit	_	person	woman	outside	park
516	1521623639_4bda3407cc.jpg	sit	_	person	man	outside	_
517	2518853257_02f30e282e.jpg	sit,watch	_	person	man,woman	outside	park
518	255091927_2eb643beb2.jpg	lie	_	person	man,woman	inside	_
519	2752329719_868545b7d2.jpg	sit	_	person	man,woman	outside	shore
520	2938072630_d641b63e4d.jpg	sit,walk	_	person	man,woman	outside	_
521	324208502_674488bcea.jpg	sit	_	person	man,woman	outside	track
522	3372167201_f7f909d480.jpg	sit	_	person	man,woman	outside	_
523	3462165890_c13ce13eff.jpg	sit,stand	_	person	child,woman	outside	track
524	3550253365_27d4c303cf.jpg	sit	_	person	man	outside	track
525	3608567609_aae96d4a5e.jpg	sit	_	person	woman	outside	park
526	3668984985_b60ceb2ae9.jpg	sit,stand	_	person	man,woman	outside	_
527	3669069522_555c97fbfb.jpg	sit	_	person	man,woman	outside	_
528	3702607829_2b8b3e65ab.jpg	sit	_	person	woman	outside	_
529	410042380_517ccee020.jpg	sit	_	person	woman	inside	_
530	42637987_866635edf6.jpg	sit,walk	_	person,animal	man,woman,dog	outside	park
531	481732592_b50194cb89.jpg	sit,stand	_	person	man,woman	outside	track
532	524105255_b346f288be.jpg	sit,watch	_	person	woman	outside	_
533	561940436_64d6fc125d.jpg	sit	_	person	man,woman	outside	_
534	197504190_fd1fc3d4b7.jpg	game	soccer	person	child	outside	field
535	2887744223_029f2fd5fe.jpg	game	soccer	person	athlete,man	outside	stadium
536	2921793132_ef19f1dd44.jpg	game	soccer	person	child	outside	stadium
537	2959737718_31203fddb5.jpg	game	soccer	person	athlete,man	outside	stadium
538	3028095878_07341efc9c.jpg	sit,consume	_	person	man	outside	stadium
539	3232470286_903a61ea16.jpg	game	soccer	person	athlete,man	outside	stadium
540	3363836972_c87b58c948.jpg	game	soccer	person	athlete,man	outside	stadium
541	3426966595_c8c4e1e872.jpg	game	soccer	person	child	outside	track
542	3596131692_91b8a05606.jpg	game	soccer	person	child	outside	stadium
543	3649224118_abe73c672c.jpg	game	soccer	person	man	outside	beach
544	1244306891_8e78ae1620.jpg	sit	_	person	woman	outside	_
545	1475046848_831245fc64.jpg	walk	_	person	woman	outside	beach
546	1557451043_f5c91ff6f4.jpg	sit	_	person	woman	outside	beach
547	160792599_6a7ec52516.jpg	stand,watch	_	person	man,woman	outside	beach
548	1982852140_56425fa7a2.jpg	run	_	person	child,woman	outside	beach
549	2156131463_5b53636cf0.jpg	stand	_	person	man	outside	beach
550	2883950737_3b67d24af4.jpg	stand,walk	_	person	woman	outside	_
551	289860281_94d699f36d.jpg	lie	_	person	woman	outside	beach
552	3088322308_b0c940b3a3.jpg	stand,walk	_	person	child,man,woman	outside	beach
553	3398746625_5199beea71.jpg	stand	_	person	man	outside	beach
554	3443460885_46115463b4.jpg	stand,watch	_	person	child	outside	beach
555	3573202338_f43dd22d28.jpg	stand,walk	_	person	child	outside	beach
556	3610836023_3a972b10b0.jpg	sit,watch	_	person	man	outside	mountain
557	3666169738_a8c74cf745.jpg	sit	_	person	child	outside	water
558	3737711435_113ccd0a52.jpg	stand	_	person	woman	outside	water
559	3747543364_bf5b548527.jpg	stand	_	person	child	outside	beach
560	442594271_2c3dd38483.jpg	stand,walk	_	person	child,man,woman	outside	beach
561	494329594_6e751372a0.jpg	lie	_	person	woman	outside	_
562	716597900_b72c58362c.jpg	walk	_	person	child,woman	outside	beach
563	827941668_2e4ac6cb39.jpg	stand,play	_	person	child	outside	water
564	945509052_740bb19bc3.jpg	sit	_	person	woman	outside	beach
565	1119463452_69d4eecd08.jpg	swim	_	person	child	outside	pool
566	1313961775_824b87d155.jpg	swim	_	person	child	outside	water
567	1398606571_f543f7698a.jpg	swim	_	person	child	outside	water
568	1468962616_5803b4397f.jpg	swim,play	_	person	child	outside,inside	water
569	1480712062_32a61ad4b7.jpg	swim	_	person	man,woman	outside	water
570	1501985304_8c50093004.jpg	swim	_	person	child,woman	outside	pool
571	1808370027_2088394eb4.jpg	swim	_	animal	dog	outside	water
572	2178306830_6af49375b4.jpg	swim	_	person	man,woman	outside	water
573	2226587791_66e29dd01d.jpg	swim	_	person	child	outside,inside	water
574	2775744946_1ab5d500a2.jpg	swim	_	person	child	outside,inside	water
575	354642192_3b7666a2dd.jpg	swim	_	person	child	outside	water
576	3606942887_1159d92548.jpg	swim	_	person	athlete,man	outside,inside	water
577	381239475_044cbffa2b.jpg	swim	_	animal	dog	outside	water
578	485738889_c2a00876a6.jpg	swim	_	person	child	inside	pool
579	501699433_f8df386cf9.jpg	swim	_	person	child,man	inside	pool
580	527272653_8a5bd818e5.jpg	swim	_	person	child	outside	water
581	652542470_60e858da64.jpg	sit	_	person	child	outside,inside	_
582	799199774_142b1c3bb2.jpg	swim	_	person	child	outside	water
583	848180689_d67a1361ce.jpg	swim,play	_	person	child	outside	pool
584	897621891_efb1e00d1d.jpg	swim	_	person	child	outside,inside	water
585	989754491_7e53fb4586.jpg	swim	_	person	child	outside	pool
586	1042590306_95dea0916c.jpg	kiss,sit	_	person	man,woman	outside	street
587	1499581619_a5f65a882c.jpg	kiss,stand	_	person	man,woman	outside	beach
588	2054308369_f9c6ec7815.jpg	kiss	_	person,animal	child,dog	inside	_
589	2273028514_d7b584f73d.jpg	kiss,stand	_	person	man,woman	inside	_
590	3421480658_b3518b6819.jpg	kiss	_	person,animal	child,cat	inside	_
591	3601803640_5f3cb05acf.jpg	kiss	_	person	man,woman	outside	_
592	3662871327_b128d25f04.jpg	kiss,sit	_	person	man,woman	inside	_
593	468918320_9c275b877f.jpg	kiss,sit	_	person	man,woman	outside	park
594	1193116658_c0161c35b5.jpg	ride	_	person,vehicle	child,wheeled vehicle,scooter	outside	track
595	1387785218_cee67735f5.jpg	walk	_	person,vehicle	child,wheeled vehicle	outside	track
596	2197275664_fabcf3424b.jpg	ride	_	person,vehicle	child,scooter	inside	_
597	2279496715_8ef3ee6edb.jpg	sit,stand	_	person,vehicle	child,wheeled vehicle	outside	_
598	2285741931_07159a21f2.jpg	ride	_	person,vehicle	child,scooter	outside	track
599	2289096282_4ef120f189.jpg	ride	_	person,vehicle	man,wheeled vehicle	outside	track
600	2328106090_b7c2725501.jpg	ride	_	person,vehicle	man,wheeled vehicle	outside	track
601	2358561039_e215a8d6cd.jpg	ride	_	person,animal,vehicle	man,dog,wheeled vehicle	outside	track
602	2378149488_648e5deeac.jpg	sit	_	person,vehicle	child,wheeled vehicle	outside,inside	_
603	2395967330_7e6ea404f6.jpg	ride	_	person,vehicle	child,scooter	outside	track
604	2422302286_385725e3cf.jpg	sit	_	person,vehicle	child,car	outside	_
605	256439287_990ac4a761.jpg	walk,sit	_	person,artifact	man,woman,wheelchair	outside	track
606	3307147971_5b3abf61f9.jpg	ride	_	person,vehicle	man,woman,scooter	outside	field
607	3471841031_a949645ba8.jpg	sit,lie,stand	_	person,vehicle	child,man,woman,wheeled vehicle	outside	park
608	3718892835_a3e74a3417.jpg	ride	_	person,vehicle	child,scooter	outside	track
609	480200554_6155e9dfeb.jpg	sit	_	person,artifact	man,wheelchair	inside	_
610	517094985_4b9e926936.jpg	walk,ride	_	person,vehicle	child,woman,wheeled vehicle	outside	track
611	616045808_0286d0574b.jpg	walk,ride	_	person,vehicle	woman,wheeled vehicle	outside	street
612	897406883_f09f673d94.jpg	walk,sit	_	person,vehicle	child,wheeled vehicle	outside	beach
613	1001773457_577c3a7d70.jpg	run,play	_	animal	dog	outside	street
614	1351315701_6580b51c41.jpg	run	_	animal	dog	outside	field
615	1368338041_6b4077ca98.jpg	stand,watch	_	animal	dog	outside	track
616	1801874841_4c12055e2f.jpg	stand,play	_	animal	dog	inside	_
617	2173312932_269f9786fc.jpg	run,jump	_	animal	dog	outside	_
618	2191329761_3effd856c5.jpg	run	_	animal	dog	outside	track
619	2275029674_6d4891c20e.jpg	run,walk	_	animal	dog	outside	_
620	2322327298_7948338390.jpg	run	_	animal	dog	outside	field
621	2374570771_c395fc224a.jpg	run,swim	_	animal	dog	outside	water
622	2429978680_1e18a13835.jpg	run	_	animal	dog	outside	field
623	2453318633_550228acd4.jpg	jump	_	animal	dog	outside	field
624	247704641_d883902277.jpg	walk	_	animal	dog	outside	_
625	2495394666_2ef6c37519.jpg	swim	_	animal	dog	outside	water
626	2557507575_b247f145bc.jpg	run	_	animal	dog	outside	field
627	2595186208_9b16fa0ee3.jpg	jump	_	animal	dog	outside	water
628	2616673985_fa4354cc53.jpg	run	_	person,animal	woman,dog	outside	field
629	2632381125_de32bdfdf6.jpg	stand,play	_	animal	dog	outside	water
630	2658009523_b49d611db8.jpg	run	_	animal	dog	outside	beach
631	2696866120_254a0345bc.jpg	lie	_	animal	dog	outside	_
632	2713897716_c8cd610360.jpg	jump	_	animal	dog	outside	_
633	2786299623_a3c48bd318.jpg	stand	_	person,animal	woman,dog	outside	beach
634	282116218_7fd7583d6e.jpg	run	_	animal	dog	outside	field
635	2874728371_ccd6db87f3.jpg	stand	_	animal	dog	outside	_
636	2878272032_fda05ffac7.jpg	walk,watch	_	animal	dog	outside	water
637	3047144646_2252ff8e04.jpg	stand	_	person,animal	man,woman,dog	outside	field
638	3123463486_f5b36a3624.jpg	run	_	animal	dog	outside	_
639	3146232740_df3da0163b.jpg	swim	_	animal	dog	outside	water
640	316833109_6500b526dc.jpg	run	_	animal	dog	outside	field
641	3183777589_460a4f445b.jpg	sit,lie	_	person,animal	man,woman,dog	outside	track
642	3204525212_d548c7fca7.jpg	stand,watch	_	animal	dog	inside	apartment
643	323657582_b6b6d8f7bd.jpg	run	_	animal	dog	outside	field
644	3415165462_e1cb536d08.jpg	jump	_	animal	dog	outside	track
645	3466353172_deb128bbb0.jpg	run	_	animal	dog	outside	beach
646	3542418447_7c337360d6.jpg	run,play	_	animal	dog	outside	field
647	359837950_9e22ffe6c2.jpg	run	_	animal	dog	outside	mountain
648	3619630328_2d0865b6f4.jpg	jump	_	animal	dog	outside	field
649	3638577494_fe55f7b4cb.jpg	stand,watch	_	animal	dog	outside	water
650	385186343_464f5fc186.jpg	stand	_	animal	dog	inside	_
651	390671130_09fdccd52f.jpg	stand	_	animal	dog	outside	field
652	391106734_d374bc3080.jpg	jump,play	_	animal	dog	outside	_
653	432490118_54a9c0e500.jpg	run	_	animal	dog	outside	field
654	477204750_d04d111cd4.jpg	run	_	animal	dog	outside	field
655	513269597_c38308feaf.jpg	walk	_	animal	dog	outside	field
656	524282699_71e678a6bd.jpg	run	_	animal	dog	outside	shore
657	527968666_1fcddf81ab.jpg	walk	_	animal	dog	outside	water
658	584484388_0eeb36d03d.jpg	run,play	_	animal	dog	outside	field
659	662606040_8cc8cd9f1b.jpg	run	_	animal	dog	outside	field
660	707941195_4386109029.jpg	stand	_	animal	dog	outside	field
661	861661418_8a37024ace.jpg	stand	_	animal	dog	outside	_
662	918886676_3323fb2a01.jpg	consume	_	animal	dog	outside,inside	_
663	111766423_4522d36e56.jpg	sit	_	animal	bird	outside	_
664	145721496_687af9bb18.jpg	stand	_	animal	bird	outside	mountain
665	2181117039_c4eea8036e.jpg	run,fly	_	person,animal	child,bird	outside	track
666	2255266906_8222af18b9.jpg	sit	_	animal	bird	outside	_
667	2363006088_b3e3aa5c0b.jpg	run,walk	_	person,animal	child,bird	outside	field
668	2612949583_f45b3afe33.jpg	run,walk	_	person,animal	child,bird	outside	track
669	2619454551_c4bb726a85.jpg	sit	_	animal	bird,dog	outside	track
670	2860667542_95abec3380.jpg	fly	_	animal	bird	outside	water
671	2960422620_81889a3764.jpg	walk,run	_	person,animal	child,bird	outside	track
672	298920219_9a3f80acc5.jpg	swim	_	animal	bird,dog	outside	water
673	3014773357_f66bd09290.jpg	swim,fly	_	animal	bird	outside	water
674	308487515_7852928f90.jpg	sit	_	animal	bird	outside	_
675	3128856481_86e5df4160.jpg	stand	_	animal	bird	outside	water
676	3131990048_369b081021.jpg	fly	_	animal	bird	outside	field
677	3175712926_5a470d0886.jpg	fly	_	animal	bird	outside	_
678	3186556417_b2d6921a20.jpg	stand,walk	_	person,animal	child,bird	outside	track
679	3187924573_203223e6c0.jpg	swim	_	animal	bird	outside	water
680	3189293145_35dea42679.jpg	stand	_	animal	bird	outside	_
681	3189521080_133777bce5.jpg	swim	_	animal	bird	outside	water
682	3242088278_43eea5d17e.jpg	walk	_	animal	bird	outside	water
683	3282634762_2650d0088a.jpg	fly	_	animal	bird	outside	water
684	3301754574_465af5bf6d.jpg	fly	_	animal	bird	outside	_
685	3405113041_4b72c24801.jpg	fly	_	animal	bird	outside	_
686	3409326324_a704565e8f.jpg	sit,fly	_	animal	bird	outside	_
687	3463523977_f2ed231585.jpg	stand,jump	_	person,animal	child,bird	outside	track
688	3525453732_f74a38f111.jpg	fly	_	animal	bird	outside	_
689	3547600292_6f8aac7f2e.jpg	walk	_	animal	bird	outside	field
690	3551281733_b43bf6f870.jpg	fly	_	animal	bird	outside	_
691	356143774_ef3e93eede.jpg	swim	_	animal	bird	outside	water
692	3567061016_62768dcce1.jpg	fly	_	animal	bird	outside	_
693	3577309234_c952c2af86.jpg	fly	_	animal	bird	outside	_
694	3594029059_cee1f4c59a.jpg	fly	_	animal	bird	outside	field
695	3656104088_a0d1642fa9.jpg	stand,fly	_	animal	bird	outside	_
696	3683592946_262e9bfbfd.jpg	stand,sit	_	animal	bird	outside	field
697	3700346840_bb80d622f7.jpg	fly	_	animal	bird	outside	_
698	3716272233_7845ec5b3e.jpg	run,fly	_	animal	bird	outside	water
699	441921713_1cafc7d7d2.jpg	sit,stand	_	person,animal	man,bird	outside	_
700	824923476_d85edce294.jpg	walk	_	animal	bird,dog	outside	field
701	99679241_adc853a5c0.jpg	stand	_	animal	bird	outside	beach
702	1087539207_9f77ab3aaf.jpg	ride	_	person,vehicle	child,bike	outside	field
703	109823394_83fcb735e1.jpg	ride	_	person,vehicle	man,bike	outside	field
704	109823395_6fb423a90f.jpg	jump	_	person,vehicle	man,bike	outside	field
705	166654939_80ea4ddbcc.jpg	ride	_	vehicle	bike	outside	track
706	2109479807_eec8d72ca7.jpg	ride	_	person,vehicle	child,bike	outside	field
707	3052104757_d1cf646935.jpg	jump	_	vehicle	bike	outside,inside	court
708	3458215674_2aa5e64643.jpg	ride	_	person,vehicle	man,bike	outside	_
709	3560081723_62da0035bd.jpg	jump	_	person,vehicle	man,bike	outside	_
710	492341908_1ef53be265.jpg	ride	_	person,vehicle	child,bike	outside	_
711	2029280005_a19609c81a.jpg	skate	_	person,artifact	man,roller skate	outside	track
712	2344412916_9a5a9b1c82.jpg	skate	_	person,artifact	man,roller skate	outside	track
713	2394922193_310166d6af.jpg	skate	_	person,artifact	woman,roller skate	outside	track
714	2866093652_aa717eb9ce.jpg	skate	_	person,artifact	woman,roller skate	inside	track
715	2899276965_a20b839cfd.jpg	jump	_	person,artifact	man,roller skate	outside	track
716	2911107495_e3cec16a24.jpg	skate,jump	_	person,artifact	man,roller skate	outside	_
717	2918653119_f535fc25c4.jpg	skate	_	person,artifact	man,roller skate	outside	stairs
718	2992658871_ac786d37a6.jpg	skate	_	person,artifact	man,roller skate	inside	_
719	3111502208_71e2a414f5.jpg	skate	_	person,artifact	woman,roller skate	inside	track
720	3229730008_63f8ca2de2.jpg	skate	_	person,artifact	man,roller skate	outside	track
721	3346289227_198fced308.jpg	skate	_	person,artifact	man,roller skate	outside	stairs
722	3351586010_7ffaa90ea8.jpg	skate	_	person,artifact	child,roller skate	outside	track
723	3413669228_ec64efeb34.jpg	sit	_	person,artifact	child,roller skate	outside	_
724	3487015378_2e90a79f4b.jpg	skate	_	person,artifact	woman,roller skate	outside	track
725	3500136982_bf7a85531e.jpg	skate	_	person,artifact	athlete,roller skate	outside	track
726	3551003620_0b02d76f65.jpg	skate	_	person,artifact	woman,roller skate	outside	track
727	3625049113_554d82c2a1.jpg	skate	_	person,artifact	man,roller skate	outside	_
728	745966757_6d16dfad8f.jpg	skate	_	person,artifact	child,roller skate	outside	track
729	1142847777_2a0c1c2551.jpg	ride	_	person,vehicle	woman,bicycle	outside	street
730	1691573772_1adef8e40e.jpg	ride	_	person,vehicle	woman,bicycle	outside	street
731	2064792226_97e41d8167.jpg	ride	_	person,vehicle	child,woman,bicycle	outside	_
732	2075321027_c8fcbaf581.jpg	ride	_	person,vehicle	man,bicycle	outside	street
733	2194806429_ca4c3770c1.jpg	ride	_	person,vehicle	woman,bicycle	outside	track
734	2244613488_4d1f9edb33.jpg	ride	_	person,vehicle	man,woman,bicycle	outside	field
735	2291511815_ac083fddbd.jpg	ride	_	person,vehicle	child,bicycle	outside	_
736	2355819665_39021ff642.jpg	ride	_	person,vehicle	child,bicycle	outside	street
737	2744600462_5804577296.jpg	ride	_	person,vehicle	athlete,man,bicycle	outside	_
738	2909811789_ed8f3fd972.jpg	jump	_	person,vehicle	man,bicycle	outside	_
739	2970461648_fe14ba0359.jpg	ride	_	person,vehicle	child,bicycle	outside	track
740	3068994801_b2bc079e67.jpg	walk	_	person,vehicle	woman,bicycle	outside	track
741	3441145615_b4fcd9eea0.jpg	ride	_	person,vehicle	athlete,man,bicycle	outside	track
742	3498423815_5b8fc097f4.jpg	ride	_	person,vehicle	child,bicycle	outside	field
743	3691729694_2b97f14c1e.jpg	jump	_	person,vehicle	man,bicycle	outside	_
744	3722507770_0d6cb7420e.jpg	jump	_	person,vehicle	man,bicycle	outside	_
745	375171241_0302ad8481.jpg	ride	_	person,vehicle	man,woman,bicycle	outside	street
746	55135290_9bed5c4ca3.jpg	jump	_	person,vehicle	man,bicycle	outside	_
747	95728660_d47de66544.jpg	ride	_	person,vehicle	man,bicycle	outside	track
748	990890291_afc72be141.jpg	ride	_	person,vehicle	man,bicycle	outside	track
749	1260816604_570fc35836.jpg	go	_	person,vehicle	man,car	outside	street
750	160585932_fa6339f248.jpg	go	_	vehicle	car	outside	water
751	1787222774_d5c68cce53.jpg	go	_	person,vehicle	child,car	outside	street
752	190638179_be9da86589.jpg	stand	_	person,vehicle	man,car	outside	field
753	210625425_fb1ef5d23b.jpg	stand	_	vehicle	car	outside	water
754	2528521798_fb689eba8d.jpg	go	_	vehicle	car	outside	track
755	271177682_48da79ab33.jpg	go	_	vehicle	car	outside	track
756	2737609659_efce872c24.jpg	go,sit	_	person,vehicle	man,woman,car	outside	track
757	2831215155_07ba8f1805.jpg	stand,watch	_	person,vehicle	woman,car	outside	mountain
758	2862481071_86c65d46fa.jpg	go	_	vehicle	car	outside	track
759	2937178897_ab3d1a941a.jpg	go	_	person,vehicle	man,car	outside	street
760	3056569684_c264c88d00.jpg	go	_	vehicle	car	outside	street
761	3094568845_d0b56c5651.jpg	go	_	vehicle	car	outside	track
762	3409506817_775e38d219.jpg	stand	_	vehicle	car	outside	stairs
763	3486340101_ff01d8f3f9.jpg	go,watch	_	person,vehicle	man,woman,car	outside	track
764	3533775651_9d7e93dacf.jpg	stand	_	person,vehicle	woman,car	outside	street
765	3559374748_f18c7caa55.jpg	go	_	person,vehicle	man,car	outside	track
766	3578068665_87bdacef6a.jpg	go	_	vehicle	car	outside	track
767	3725177385_62d5e13634.jpg	stand	_	person,vehicle	man,woman,car	outside	track
768	109738916_236dc456ac.jpg	ride	_	person,vehicle	man,wheeled vehicle	outside	field
769	1287073593_f3d2a62455.jpg	run,ride	_	person,animal,vehicle	man,dog,sledge	outside	field
770	2127031632_77505e4218.jpg	ride	_	person,vehicle	child,sledge	outside	field
771	2130986011_47cb05c8c9.jpg	ride	_	person,vehicle	child,sledge	outside	field
772	2140182410_8e2a06fbda.jpg	ride	_	person,vehicle	child,sledge	outside	field
773	2141713971_e25eb12712.jpg	ride	_	person,vehicle	child,woman,sledge	outside	field
774	2173061319_1f267765dc.jpg	ride	_	person,vehicle	child,sledge	outside	field
775	2238166082_140f8b01b8.jpg	ride	_	person,vehicle	child,sledge	outside	field
776	3175849727_bf30b892cb.jpg	ride	_	person,vehicle	man,woman,sledge	outside	field
777	3185662156_c877583c53.jpg	ride	_	person,vehicle	child,sledge	outside	field
778	3204686006_88f04547b9.jpg	ride,walk,run	_	person,animal,vehicle	child,dog,sledge	outside	field
779	3207676216_48478bce97.jpg	run	_	person,animal,vehicle	man,dog,sledge	outside	field
780	3239021459_a6b71bb400.jpg	jump,walk	_	person,vehicle	child,sledge	outside	field
781	3249278583_95cd8206da.jpg	run,ride	_	person,animal,vehicle	man,dog,sledge	outside	field
782	3261493263_381a4c5cc7.jpg	run,ride	_	person,animal,vehicle	man,dog,sledge	outside	field
783	3401548798_3a93f2caa5.jpg	ride	_	person,vehicle	child,sledge	outside	field
784	3430287726_94a1825bbf.jpg	ride	_	person,vehicle	man,wheeled vehicle	outside	field
785	406248253_27b5eba25a.jpg	walk,carry	_	person,vehicle	child,sledge	outside	field
786	422763475_0bc814dac6.jpg	run,carry	_	person,vehicle	child,sledge	outside	field
787	99171998_7cc800ceef.jpg	sit	_	person,vehicle	child,sledge	outside	mountain
788	1414820925_3504c394e1.jpg	jump	_	person	man	outside	court
789	2817230861_d27341dec0.jpg	jump	_	person,artifact	woman,ball	outside	court
790	3271495320_bca47795fb.jpg	run,stand	_	person,artifact	woman,ball	outside	beach
791	3467073304_aefe553c4d.jpg	jump	_	person,artifact	woman,ball	outside	court
792	3611672054_45edd3e08f.jpg	jump	_	person,artifact	man,ball	outside	_
793	3621717946_d96f8a6012.jpg	swim	_	person,artifact	man,woman,ball	outside	pool
794	1100214449_d10861e633.jpg	jump	_	person	child	outside	track
795	134894450_dadea45d65.jpg	jump	_	person	man	outside	park
796	1412832223_99e8b4701a.jpg	jump	_	person	child	outside	_
797	1479124077_17dcc0d5d7.jpg	jump	_	person	child	outside	field
798	2160266952_a2ab39191b.jpg	jump	_	person,artifact	child,ball	inside	_
799	2257294002_0073263c54.jpg	jump	_	person	child	inside	_
800	2297744130_f571f3a239.jpg	jump	_	person	child	outside	track
801	2330843604_b8d75d6ac7.jpg	jump	_	person	child	outside	track
802	2414352262_005ae90407.jpg	jump	_	person	child	outside	mountain
803	2823200990_7b02b7cc36.jpg	jump	_	person	child	inside	apartment
804	322103537_184367bf88.jpg	jump	_	person	child	outside	beach
805	3298199743_d8dd8f94a0.jpg	jump	_	person	child	outside	field
806	395461421_c586b136de.jpg	jump	_	person	man	outside	street
807	583174725_6b522b621f.jpg	jump	_	person	child	outside	street
808	1057089366_ca83da0877.jpg	jump	_	person	child	outside	pool
809	1236964638_1808784a3c.jpg	jump	_	person	child	outside	pool
810	1298295313_db1f4c6522.jpg	jump	_	person	child	outside	water
811	1818403842_553a2a392c.jpg	jump	_	animal	dog	outside	pool
812	199809190_e3f6bbe2bc.jpg	jump	_	person	man	outside	water
813	2081141788_38fa84ce3c.jpg	jump	_	person	child	outside	pool
814	213216174_0632af65a2.jpg	jump	_	person	child	outside	pool
815	2138487671_5b89104043.jpg	jump	_	person	child	outside	water
816	2170187328_65c2f11891.jpg	jump	_	person	child	outside	pool
817	3426789838_8771f0ed56.jpg	jump	_	person	child,man	outside	pool
818	3500399969_f54ce5848f.jpg	jump	_	person	man,woman	outside	pool
819	350588129_6aef7b7fe2.jpg	jump	_	animal	dog	outside	pool
820	3667492609_97f88b373f.jpg	jump	_	person	man	outside	water
821	3724738804_f00748a137.jpg	jump	_	person	child	outside	pool
822	489065557_0eb08889cd.jpg	jump	_	person	man	outside	water
823	562588230_edb2c071c8.jpg	jump	_	person	child	outside	pool
824	578644583_da3ff18dd1.jpg	jump	_	person	child	outside	pool
825	632251903_b36701a5e9.jpg	jump	_	person	man	outside	water
826	946051430_8db7e4ce09.jpg	jump	_	person	woman	outside	water
827	947664583_7c63172366.jpg	jump	_	person	child	outside	pool
828	113678030_87a6a6e42e.jpg	sit	_	person,artifact	man,woman,snowboard	outside	mountain
829	2198511848_311d8a8c2f.jpg	jump	_	person,artifact	man,woman,snowboard	outside	mountain
830	2272750492_91e8f67328.jpg	jump	_	person,artifact	man,snowboard	outside	_
831	2975118353_5af5a5df54.jpg	jump	_	person,artifact	man,snowboard	outside	_
832	3038045802_93f2cd5fbc.jpg	jump	_	person,artifact	man,snowboard	outside	mountain
833	3098336319_a7e5b061d0.jpg	jump	_	person,artifact	man,snowboard	outside	stairs
834	3108732084_565b423162.jpg	jump	_	person,artifact	man,snowboard	outside	_
835	3155361712_2cbf59c78e.jpg	jump	_	person,artifact	man,snowboard	outside	_
836	3254645823_a7c072481c.jpg	jump	_	person,artifact	man,snowboard	outside	_
837	3287549827_04dec6fb6e.jpg	jump	_	person,artifact	man,wheeled vehicle	outside	_
838	3301935788_2bb7bbc515.jpg	jump	_	person,artifact	man,woman,snowboard	outside	_
839	3351370405_e417e38f52.jpg	jump	_	person,artifact	man,snowboard	outside	mountain
840	3359530430_249f51972c.jpg	jump,watch	_	person,artifact	man,woman,snowboard	outside	mountain
841	3373069977_bc73e9e409.jpg	jump	_	person,artifact	man,snowboard	outside	mountain
842	3380364224_2626d9d354.jpg	jump	_	person,artifact	man,snowboard	outside	mountain
843	3381584882_341ee3092f.jpg	jump	_	person,artifact	man,snowboard	outside	_
844	3385956569_a849218e34.jpg	jump	_	person,artifact	man,snowboard	outside	mountain
845	3486135177_772628d034.jpg	jump	_	person,artifact	man,snowboard	outside	_
846	3614881872_ccf9739b0e.jpg	jump	_	person,artifact	man,snowboard	outside	_
847	127488876_f2d2a89588.jpg	stand	_	person	man	outside	field
848	2068465241_3bcabacfd7.jpg	walk	_	person	child	inside	_
849	2196050115_e236d91f52.jpg	stand	_	person	child	outside	field
850	2290330500_e7bdaa58e1.jpg	stand	_	person,artifact	woman,ball	outside	field
851	2393924525_1bf45ca217.jpg	stand,carry	_	person,artifact	woman,racket	outside	_
852	2504277798_936a09c74d.jpg	stand,carry	_	person,artifact	woman,weapon	inside	_
853	2588456052_8842b47005.jpg	stand,carry	_	person,artifact	woman,racket	outside	court
854	2694178830_116be6a6a9.jpg	jump	_	person	athlete,woman	outside	_
855	2998861375_02817e0147.jpg	lie	_	person,artifact	man,woman,weapon	outside,inside	_
856	3262386960_14f5d857db.jpg	stand	_	person,artifact	athlete,weapon	inside	_
857	3388094307_5a83be64a5.jpg	jump	_	person,artifact	woman,racket	outside	court
858	3420260768_26a600b844.jpg	jump	_	person,artifact	man,racket	outside,inside	court
859	3442978981_53bf1f45f3.jpg	sit,jump	_	person,artifact	athlete,woman,weapon	inside	_
860	3457784061_8f77f43a9c.jpg	walk	_	person,artifact	man,ball	inside	_
861	3484365373_98d5304935.jpg	jump,run	_	person	athlete,woman	outside	track
862	3516960094_87fb4889de.jpg	jump	_	person	woman	outside	_
863	3636418958_f038130bb2.jpg	jump	_	person	child	inside	_
864	3638783120_f600ceb19d.jpg	stand	_	person	man	outside	field
865	3664928753_7b0437fedf.jpg	jump	_	person	athlete,woman	outside	_
866	1304961697_76b86b0c18.jpg	stand,ride	_	person,artifact	child,surfboard	outside	water
867	172092464_d9eb4f4f2f.jpg	stand,ride	_	person,artifact	man,surfboard	outside	water
868	222369445_5b6af347dd.jpg	walk,carry	_	person,artifact	man,surfboard	outside	shore
869	2238019823_79318d1f11.jpg	stand,ride	_	person,artifact	man,surfboard	outside	water
870	2396025708_e4a72e2558.jpg	stand,ride	_	person,artifact	man,surfboard	outside	water
871	2901880865_3fd7b66a45.jpg	jump	_	person,artifact	man,surfboard	outside	water
872	2978810122_183e60ff2d.jpg	stand,ride	_	person,artifact	man,surfboard	outside	water
873	3085667865_fa001816be.jpg	jump	_	person,artifact	man,surfboard	outside	water
874	3116011063_f4071ccce6.jpg	jump,ride	_	person,artifact	man,surfboard	outside	water
875	3126981064_1e803c3d7f.jpg	stand,ride	_	person,artifact	man,surfboard	outside	water
876	3335547029_74d620fa6c.jpg	stand,ride	_	person,artifact	woman,surfboard	outside	water
877	3376014640_ff5b00769f.jpg	stand,ride	_	person,artifact	man,surfboard	outside	water
878	3397228832_8ce5b1c26f.jpg	stand,ride	_	person,artifact	man,surfboard	outside	water
879	3403797144_53e49412ec.jpg	stand,ride	_	person,artifact	man,surfboard	outside	water
880	3413571342_b9855795e2.jpg	stand,ride	_	person,artifact	man,surfboard	outside	water
881	3532194771_07faf20d76.jpg	walk,carry	_	person,artifact	man,surfboard	outside	water
882	3641022607_e7a5455d6c.jpg	stand,ride	_	person,artifact	man,surfboard	outside	water
883	3707990914_843e8f15f1.jpg	stand,ride	_	person,artifact	woman,surfboard	outside	water
884	412203580_2c7278909c.jpg	lie,ride	_	person,artifact	man,surfboard	outside	water
885	515702827_be3c6ce857.jpg	lie,ride	_	person,artifact	child,surfboard	outside	water
886	1420060118_aed262d606.jpg	jump	_	person	man,woman	outside	_
887	1991806812_065f747689.jpg	stand,jump	_	person	man	inside	ring
888	1999444757_1b92efb590.jpg	stand	_	person,artifact	man,woman,weapon	inside	_
889	2473738924_eca928d12f.jpg	stand	_	person	child	inside	_
890	2839890871_4b7c7dbd96.jpg	stand	_	person	child	inside	_
891	3018847610_0bf4d7e43d.jpg	jump,lie	_	person	man	inside	ring
892	3102204862_f1d220230b.jpg	stand,jump	_	person	man	inside	ring
893	3181599388_68559cfc17.jpg	stand,jump	_	person	man	inside	ring
894	3220151692_d398ef9779.jpg	stand	_	person	man	inside	_
895	3220161734_77f42734b9.jpg	stand	_	person	child	inside	_
896	3256456935_664a7a5bba.jpg	sit,jump	_	person	child,man	inside	_
897	3352697012_751b079bbb.jpg	jump	_	person	woman	inside	ring
898	3544793763_b38546a5e8.jpg	stand	_	person	man	inside	ring
899	3544803461_a418ca611e.jpg	stand	_	person	man	inside	ring
900	3577235421_69e4efb8d1.jpg	stand,jump	_	person	man	inside	ring
901	3587092143_c63030ed6d.jpg	stand	_	person	man	inside	ring
902	3674168459_6245f4f658.jpg	stand	_	person	man,woman	inside	_
903	3679341667_936769fd0c.jpg	stand	_	person	man,woman	inside	ring
904	3697456750_460aea7252.jpg	stand	_	person	man,woman	inside	_
905	3727740053_3baa94ffcb.jpg	stand	_	person	man	inside	_
906	2097489021_ca1b9f5c3b.jpg	dance	_	person	child	outside,inside	_
907	2282260240_55387258de.jpg	dance	_	person	child	inside	_
908	2295216243_0712928988.jpg	dance	_	person	child,man,woman	outside	_
909	2346523971_d3f1e12ce4.jpg	dance	_	person	woman	inside	_
910	2356574282_5078f08b58.jpg	dance	_	person	woman	outside,inside	_
911	311146855_0b65fdb169.jpg	dance	_	person	man,woman	outside	street
912	3304511635_113beaf458.jpg	dance	_	person	man,woman	inside	_
913	3323661814_1e8e1ae88c.jpg	dance	_	person	child	inside	_
914	3405100926_e96308ce89.jpg	dance	_	person	man	outside	track
915	3417037373_67f7db2dd2.jpg	dance	_	person	child,woman	inside	_
916	3433259846_800a6079f0.jpg	dance	_	person	child,woman	inside	_
917	3439331800_e71e1d808f.jpg	dance	_	person	man	outside	_
918	3482787182_a5c6d4b386.jpg	dance	_	person	woman	outside	_
919	3609027309_af75f773d9.jpg	dance	_	person	child,man,woman	inside	_
920	3635911776_dbc2763f2c.jpg	dance	_	person	woman	inside	_
921	3672109677_8caa992671.jpg	dance	_	person	woman	outside,inside	_
922	472535997_0dbf42b9f3.jpg	dance	_	person	child	inside	apartment
923	632608471_a70461f123.jpg	dance	_	person	child	inside	_
924	875731481_a5a0a09934.jpg	dance	_	person	woman	outside	_
925	961611340_251081fcb8.jpg	dance	_	person	child	inside	_
926	1388373425_3c72b56639.jpg	sit	_	person	woman	outside	_
927	1417295167_5299df6db8.jpg	stand,watch	_	person	man	outside,inside	_
928	2245914678_1f82fc3d80.jpg	sit	_	person	woman	outside	_
929	421322723_3470543368.jpg	stand,watch	_	person	child,man	outside	_
930	437404867_209625774d.jpg	sit	_	person	woman	outside	track
931	444881000_bba92e585c.jpg	walk	_	person	man,woman	outside	park
932	1309330801_aeeb23f1ee.jpg	stand	_	person,artifact	child,trampoline	outside	_
933	1507563902_6ec8d5d822.jpg	jump	_	person,artifact	child,trampoline	outside	_
934	2335428699_4eba9b6245.jpg	jump	_	person,artifact	child,trampoline	outside	_
935	2373234213_4ebe9c4ee5.jpg	jump	_	person,artifact	child,trampoline	outside	_
936	3007214949_a4b027f8a3.jpg	jump	_	person,artifact	child,trampoline	outside	_
937	3548191125_514f47e493.jpg	jump	_	person,artifact	child,trampoline	outside	_
938	483841513_e660391880.jpg	stand	_	person,artifact	child,trampoline	outside	_
939	520491467_54cbc0a866.jpg	jump	_	person,artifact	child,trampoline	outside	_
940	543940240_a54a3c7989.jpg	jump	_	person,artifact	child,trampoline	outside	_
941	104136873_5b5d41be75.jpg	stand,sit	_	person	man	outside	mountain
942	127450902_533ceeddfc.jpg	walk	_	person	man,woman	outside	mountain
943	1423126855_6cd2a3956c.jpg	stand	_	person	man	outside	mountain
944	1433142189_cda8652603.jpg	walk	_	person	man	outside	track
945	1797507760_384744fb34.jpg	walk	_	person	man	outside	mountain
946	2000459828_3c9e109106.jpg	stand	_	person	child,man	outside	mountain
947	2036407732_d5a0389bba.jpg	walk	_	person	man,woman	outside	mountain
948	2067833088_04e84e5bf2.jpg	stand	_	person	man	outside	mountain
949	219301553_d2fffe9e0c.jpg	walk	_	person	man,woman	outside	water
950	235065283_1f9a3c79db.jpg	walk,climb	_	person	man	outside	mountain
951	244760301_5809214866.jpg	walk	_	person	man	outside	mountain
952	407678652_1f475acd65.jpg	walk	_	person	man,woman	outside	mountain
953	416960865_048fd3f294.jpg	stand	_	person	man,woman	outside	mountain
954	455611732_d65bf3e976.jpg	walk	_	person	man,woman	outside	mountain
955	54501196_a9ac9d66f2.jpg	stand	_	person	man	outside	mountain
956	54723805_bcf7af3f16.jpg	walk	_	person	man,woman	outside	mountain
957	58363928_6f7074608c.jpg	walk	_	person	man	outside	mountain
958	58363930_0544844edd.jpg	walk	_	person	man,woman	outside	mountain
959	96978713_775d66a18d.jpg	walk	_	person	man,woman	outside	mountain
960	96985174_31d4c6f06d.jpg	walk	_	person	man,woman	outside	mountain
961	1016887272_03199f49c4.jpg	climb,stand	_	person	man,woman	outside	_
962	102455176_5f8ead62d5.jpg	climb	_	person	man	outside	_
963	1084104085_3b06223afe.jpg	climb	_	person	child	outside,inside	_
964	136639119_6040b00946.jpg	climb	_	person	man	outside	_
965	2224995194_518859d97d.jpg	climb	_	person	man	outside	_
966	2255338013_566127590b.jpg	climb	_	person	man	outside	_
967	2304444199_05386d2e9c.jpg	climb	_	person	child	outside	_
968	288880576_818b6ecfef.jpg	climb	_	person	woman	outside	_
969	3131160589_dc73c209b7.jpg	climb	_	person	man	outside	_
970	314904143_5a216a192b.jpg	climb	_	person	man	outside	_
971	3339768802_8ab768558a.jpg	climb	_	person	child	outside,inside	_
972	3429956016_3c7e3096c2.jpg	climb	_	person	man	outside	_
973	3459492423_c881f12c9f.jpg	climb	_	person	man	outside	_
974	405534893_2d0f3b0147.jpg	climb	_	person	man,woman	outside	mountain
975	405534993_5158644f98.jpg	climb	_	person	man,woman	outside	_
976	466956209_2ffcea3941.jpg	climb	_	person	man,woman	outside	_
977	478208896_90e7187b64.jpg	climb	_	person	woman	outside	_
978	765298136_7805fbb079.jpg	climb	_	person	man	outside	_
979	801607443_f15956d1ce.jpg	climb	_	person	man,woman	outside	_
980	892340814_bdd61e10a4.jpg	climb	_	person	man	outside	_
981	1077546505_a4f6c4daa9.jpg	go	_	person,artifact	child,slide	outside	pool
982	1303335399_b3facd47ab.jpg	go	_	person,artifact	child,slide	outside	pool
983	1443807993_aebfb2784a.jpg	go	_	person,artifact	child,slide	outside	_
984	1490670858_e122df2560.jpg	go	_	person,artifact	child,slide	outside	_
985	1574401950_6bedc0d29b.jpg	go,jump	_	person,artifact	child,slide	outside	_
986	1925434818_2949a8f6d8.jpg	go	_	person,artifact	child,woman,slide	inside	_
987	228949397_9e63bfa775.jpg	go	_	person,artifact	child,slide	outside	pool
988	2298661279_016d87ba2f.jpg	stand	_	person,artifact	child,slide	outside	_
989	2426781076_e3f4d2685c.jpg	go	_	person,artifact	child,slide	outside	_
990	2708582445_5e5999b956.jpg	go	_	person,artifact	child,slide	outside	_
991	2963573792_dd51b5fbfb.jpg	go	_	person,artifact	child,slide	outside	_
992	2988244398_5da7012fce.jpg	go	_	person,artifact	child,slide	outside,inside	_
993	3030566410_393c36a6c5.jpg	go	_	person,artifact	child,woman,slide	inside	pool
994	3188036349_8e4e2d6ca8.jpg	go	_	person,artifact	child,slide	outside	_
995	3336065481_2c21e622c8.jpg	go	_	person,artifact	child,slide	outside	_
996	3374223949_90776ba934.jpg	sit	_	person,artifact	child,slide	outside,inside	_
997	3465473743_7da0c5d973.jpg	go	_	person,artifact	child,slide,boat	outside	_
998	494221578_027f51cdf4.jpg	go	_	person,artifact	child,slide	outside	_
999	537758332_8beb9cf522.jpg	go	_	person,artifact	child,slide	outside	_
1000	549520317_af3d5c32eb.jpg	go	_	person,artifact	child,slide	outside	_
